Subject,Start Date,Start Time,End Date,End Time,All Day Event,Description,Location,Private,Currency,Importance
JPY Machine Orders (YoY),09/12/2016,08:00 AM,09/12/2016,08:00 AM,False,"event: JPY Machine Orders (YoY), currency: JPY, date=2016-09-12 08:00:50+09:00 GMT, importance=MEDIUM, actual=, previous=-0.9%, forecast=",,True,JPY,MEDIUM
JPY Domestic Corporate Goods Price Index (MoM),09/12/2016,08:00 AM,09/12/2016,08:00 AM,False,"event: JPY Domestic Corporate Goods Price Index (MoM), currency: JPY, date=2016-09-12 08:00:50+09:00 GMT, importance=LOW, actual=, previous=0.0%, forecast=",,True,JPY,LOW
JPY Machine Orders (MoM),09/12/2016,08:00 AM,09/12/2016,08:00 AM,False,"event: JPY Machine Orders (MoM), currency: JPY, date=2016-09-12 08:00:50+09:00 GMT, importance=LOW, actual=, previous=8.3%, forecast=",,True,JPY,LOW
JPY Domestic Corporate Goods Price Index (YoY),09/12/2016,08:00 AM,09/12/2016,08:00 AM,False,"event: JPY Domestic Corporate Goods Price Index (YoY), currency: JPY, date=2016-09-12 08:00:50+09:00 GMT, importance=LOW, actual=, previous=-3.9%, forecast=",,True,JPY,LOW
AUD Credit Card Purchases,09/12/2016,10:00 AM,09/12/2016,10:00 AM,False,"event: AUD Credit Card Purchases, currency: AUD, date=2016-09-12 10:00:30+09:00 GMT, importance=LOW, actual=, previous=$A25.5b, forecast=",,True,AUD,LOW
AUD Credit Card Balances,09/12/2016,10:00 AM,09/12/2016,10:00 AM,False,"event: AUD Credit Card Balances, currency: AUD, date=2016-09-12 10:00:30+09:00 GMT, importance=LOW, actual=, previous=$A52.2b, forecast=",,True,AUD,LOW
JPY Machine Tool Orders (YoY),09/12/2016,03:00 PM,09/12/2016,03:00 PM,False,"event: JPY Machine Tool Orders (YoY), currency: JPY, date=2016-09-12 15:00:00+09:00 GMT, importance=MEDIUM, actual=, previous=-19.70%, forecast=",,True,JPY,MEDIUM
CHF Total Sight Deposits,09/12/2016,05:00 PM,09/12/2016,05:00 PM,False,"event: CHF Total Sight Deposits, currency: CHF, date=2016-09-12 17:00:00+09:00 GMT, importance=LOW, actual=, previous=, forecast=",,True,CHF,LOW
CHF Domestic Sight Deposits,09/12/2016,05:00 PM,09/12/2016,05:00 PM,False,"event: CHF Domestic Sight Deposits, currency: CHF, date=2016-09-12 17:00:00+09:00 GMT, importance=LOW, actual=, previous=, forecast=",,True,CHF,LOW
NZD New Zealand Manpower Survey,09/12/2016,09:00 PM,09/12/2016,09:00 PM,False,"event: NZD New Zealand Manpower Survey, currency: NZD, date=2016-09-12 21:00:01+09:00 GMT, importance=LOW, actual=, previous=11%, forecast=",,True,NZD,LOW
USD Fed's Lockhart Speaks to Business Economists in Atlanta,09/12/2016,09:00 PM,09/12/2016,09:00 PM,False,"event: USD Fed's Lockhart Speaks to Business Economists in Atlanta, currency: USD, date=2016-09-12 21:00:05+09:00 GMT, importance=LOW, actual=, previous=, forecast=",,True,USD,LOW
GBP Bank of England Bond-Buying Operation Results,09/12/2016,10:00 PM,09/12/2016,10:00 PM,False,"event: GBP Bank of England Bond-Buying Operation Results, currency: GBP, date=2016-09-12 22:00:50+09:00 GMT, importance=LOW, actual=, previous=, forecast=",,True,GBP,LOW
AUD Australia Manpower Survey,09/12/2016,11:00 PM,09/12/2016,11:00 PM,False,"event: AUD Australia Manpower Survey, currency: AUD, date=2016-09-12 23:00:01+09:00 GMT, importance=LOW, actual=, previous=7%, forecast=",,True,AUD,LOW
USD U.S. to Sell 3-Month Bills,09/13/2016,12:00 AM,09/13/2016,12:00 AM,False,"event: USD U.S. to Sell 3-Month Bills, currency: USD, date=2016-09-13 00:00:30+09:00 GMT, importance=LOW, actual=, previous=, forecast=",,True,USD,LOW
USD U.S. to Sell 6-Month Bills,09/13/2016,12:00 AM,09/13/2016,12:00 AM,False,"event: USD U.S. to Sell 6-Month Bills, currency: USD, date=2016-09-13 00:00:30+09:00 GMT, importance=LOW, actual=, previous=, forecast=",,True,USD,LOW
USD U.S. to Sell 3-Year Notes,09/13/2016,02:00 AM,09/13/2016,02:00 AM,False,"event: USD U.S. to Sell 3-Year Notes, currency: USD, date=2016-09-13 02:00:00+09:00 GMT, importance=LOW, actual=, previous=, forecast=",,True,USD,LOW
USD U.S. to Sell 10-Year Notes Reopening,09/13/2016,02:00 AM,09/13/2016,02:00 AM,False,"event: USD U.S. to Sell 10-Year Notes Reopening, currency: USD, date=2016-09-13 02:00:00+09:00 GMT, importance=LOW, actual=, previous=, forecast=",,True,USD,LOW
USD Fed's Kashkari Speaks on Economy and TBTF,09/13/2016,02:00 AM,09/13/2016,02:00 AM,False,"event: USD Fed's Kashkari Speaks on Economy and TBTF, currency: USD, date=2016-09-13 02:00:00+09:00 GMT, importance=LOW, actual=, previous=, forecast=",,True,USD,LOW
AUD RBA's Kent Speech at Bloomberg Sydney,09/13/2016,07:00 AM,09/13/2016,07:00 AM,False,"event: AUD RBA's Kent Speech at Bloomberg Sydney, currency: AUD, date=2016-09-13 07:00:30+09:00 GMT, importance=LOW, actual=, previous=, forecast=",,True,AUD,LOW
NZD Food Prices (MoM),09/13/2016,07:00 AM,09/13/2016,07:00 AM,False,"event: NZD Food Prices (MoM), currency: NZD, date=2016-09-13 07:00:45+09:00 GMT, importance=LOW, actual=, previous=-0.2%, forecast=",,True,NZD,LOW
EUR Germany Fourth Quarter Manpower Employment Outlook,09/13/2016,08:00 AM,09/13/2016,08:00 AM,False,"event: EUR Germany Fourth Quarter Manpower Employment Outlook, currency: EUR, date=2016-09-13 08:00:01+09:00 GMT, importance=LOW, actual=, previous=, forecast=",,True,EUR,LOW
AUD ANZ Roy Morgan Weekly Consumer Confidence Index,09/13/2016,08:00 AM,09/13/2016,08:00 AM,False,"event: AUD ANZ Roy Morgan Weekly Consumer Confidence Index, currency: AUD, date=2016-09-13 08:00:30+09:00 GMT, importance=LOW, actual=, previous=, forecast=",,True,AUD,LOW
JPY BSI Large Manufacturing (QoQ),09/13/2016,08:00 AM,09/13/2016,08:00 AM,False,"event: JPY BSI Large Manufacturing (QoQ), currency: JPY, date=2016-09-13 08:00:50+09:00 GMT, importance=MEDIUM, actual=, previous=-11.1, forecast=",,True,JPY,MEDIUM
JPY BSI Large All Industry (QoQ),09/13/2016,08:00 AM,09/13/2016,08:00 AM,False,"event: JPY BSI Large All Industry (QoQ), currency: JPY, date=2016-09-13 08:00:50+09:00 GMT, importance=MEDIUM, actual=, previous=-7.9, forecast=",,True,JPY,MEDIUM
JPY Japan Manpower Survey,09/13/2016,09:00 AM,09/13/2016,09:00 AM,False,"event: JPY Japan Manpower Survey, currency: JPY, date=2016-09-13 09:00:01+09:00 GMT, importance=LOW, actual=, previous=22, forecast=",,True,JPY,LOW
CNY Manpower Survey,09/13/2016,09:00 AM,09/13/2016,09:00 AM,False,"event: CNY Manpower Survey, currency: CNY, date=2016-09-13 09:00:01+09:00 GMT, importance=LOW, actual=, previous=2%, forecast=",,True,CNY,LOW
AUD NAB Business Confidence,09/13/2016,10:00 AM,09/13/2016,10:00 AM,False,"event: AUD NAB Business Confidence, currency: AUD, date=2016-09-13 10:00:30+09:00 GMT, importance=MEDIUM, actual=, previous=4, forecast=",,True,AUD,MEDIUM
AUD NAB Business Conditions,09/13/2016,10:00 AM,09/13/2016,10:00 AM,False,"event: AUD NAB Business Conditions, currency: AUD, date=2016-09-13 10:00:30+09:00 GMT, importance=LOW, actual=, previous=8, forecast=",,True,AUD,LOW
CNY Industrial Production (YoY),09/13/2016,11:00 AM,09/13/2016,11:00 AM,False,"event: CNY Industrial Production (YoY), currency: CNY, date=2016-09-13 11:00:00+09:00 GMT, importance=MEDIUM, actual=, previous=6.0%, forecast=6.2%",,True,CNY,MEDIUM
CNY Retail Sales (YoY),09/13/2016,11:00 AM,09/13/2016,11:00 AM,False,"event: CNY Retail Sales (YoY), currency: CNY, date=2016-09-13 11:00:00+09:00 GMT, importance=MEDIUM, actual=, previous=10.2%, forecast=10.2%",,True,CNY,MEDIUM
CNY Retail Sales YTD (YoY),09/13/2016,11:00 AM,09/13/2016,11:00 AM,False,"event: CNY Retail Sales YTD (YoY), currency: CNY, date=2016-09-13 11:00:00+09:00 GMT, importance=MEDIUM, actual=, previous=10.3%, forecast=10.3%",,True,CNY,MEDIUM
CNY Industrial Production YTD (YoY),09/13/2016,11:00 AM,09/13/2016,11:00 AM,False,"event: CNY Industrial Production YTD (YoY), currency: CNY, date=2016-09-13 11:00:00+09:00 GMT, importance=MEDIUM, actual=, previous=6.0%, forecast=6.0%",,True,CNY,MEDIUM
CNY Fixed Assets Ex Rural YTD (YoY),09/13/2016,11:00 AM,09/13/2016,11:00 AM,False,"event: CNY Fixed Assets Ex Rural YTD (YoY), currency: CNY, date=2016-09-13 11:00:00+09:00 GMT, importance=MEDIUM, actual=, previous=8.1%, forecast=7.9%",,True,CNY,MEDIUM
JPY Tokyo Condominium Sales (YoY),09/13/2016,01:00 PM,09/13/2016,01:00 PM,False,"event: JPY Tokyo Condominium Sales (YoY), currency: JPY, date=2016-09-13 13:00:00+09:00 GMT, importance=LOW, actual=, previous=-30.7%, forecast=",,True,JPY,LOW
EUR German Consumer Price Index (MoM),09/13/2016,03:00 PM,09/13/2016,03:00 PM,False,"event: EUR German Consumer Price Index (MoM), currency: EUR, date=2016-09-13 15:00:00+09:00 GMT, importance=LOW, actual=, previous=0.0%, forecast=",,True,EUR,LOW
EUR German Consumer Price Index (YoY),09/13/2016,03:00 PM,09/13/2016,03:00 PM,False,"event: EUR German Consumer Price Index (YoY), currency: EUR, date=2016-09-13 15:00:00+09:00 GMT, importance=MEDIUM, actual=, previous=0.4%, forecast=",,True,EUR,MEDIUM
CHF Producer & Import Prices (MoM),09/13/2016,04:00 PM,09/13/2016,04:00 PM,False,"event: CHF Producer & Import Prices (MoM), currency: CHF, date=2016-09-13 16:00:15+09:00 GMT, importance=LOW, actual=, previous=-0.1%, forecast=",,True,CHF,LOW
CHF Producer & Import Prices (YoY),09/13/2016,04:00 PM,09/13/2016,04:00 PM,False,"event: CHF Producer & Import Prices (YoY), currency: CHF, date=2016-09-13 16:00:15+09:00 GMT, importance=LOW, actual=, previous=-0.8%, forecast=",,True,CHF,LOW
GBP Consumer Price Index (MoM),09/13/2016,05:00 PM,09/13/2016,05:00 PM,False,"event: GBP Consumer Price Index (MoM), currency: GBP, date=2016-09-13 17:00:30+09:00 GMT, importance=MEDIUM, actual=, previous=-0.1%, forecast=",,True,GBP,MEDIUM
GBP Producer Price Index Output Core n.s.a. (MoM),09/13/2016,05:00 PM,09/13/2016,05:00 PM,False,"event: GBP Producer Price Index Output Core n.s.a. (MoM), currency: GBP, date=2016-09-13 17:00:30+09:00 GMT, importance=LOW, actual=, previous=0.4%, forecast=",,True,GBP,LOW
GBP Producer Price Index Output Core n.s.a. (YoY),09/13/2016,05:00 PM,09/13/2016,05:00 PM,False,"event: GBP Producer Price Index Output Core n.s.a. (YoY), currency: GBP, date=2016-09-13 17:00:30+09:00 GMT, importance=LOW, actual=, previous=1.0%, forecast=",,True,GBP,LOW
GBP House Price Index (YoY),09/13/2016,05:00 PM,09/13/2016,05:00 PM,False,"event: GBP House Price Index (YoY), currency: GBP, date=2016-09-13 17:00:30+09:00 GMT, importance=LOW, actual=, previous=8.7%, forecast=",,True,GBP,LOW
GBP Consumer Price Index (YoY),09/13/2016,05:00 PM,09/13/2016,05:00 PM,False,"event: GBP Consumer Price Index (YoY), currency: GBP, date=2016-09-13 17:00:30+09:00 GMT, importance=HIGH, actual=, previous=0.6%, forecast=",,True,GBP,HIGH
GBP Core Consumer Price Index (YoY),09/13/2016,05:00 PM,09/13/2016,05:00 PM,False,"event: GBP Core Consumer Price Index (YoY), currency: GBP, date=2016-09-13 17:00:30+09:00 GMT, importance=HIGH, actual=, previous=1.3%, forecast=",,True,GBP,HIGH
GBP Retail Price Index,09/13/2016,05:00 PM,09/13/2016,05:00 PM,False,"event: GBP Retail Price Index, currency: GBP, date=2016-09-13 17:00:30+09:00 GMT, importance=LOW, actual=, previous=263.4, forecast=",,True,GBP,LOW
GBP Retail Price Index (MoM),09/13/2016,05:00 PM,09/13/2016,05:00 PM,False,"event: GBP Retail Price Index (MoM), currency: GBP, date=2016-09-13 17:00:30+09:00 GMT, importance=LOW, actual=, previous=0.1%, forecast=",,True,GBP,LOW
GBP Retail Price Index (YoY),09/13/2016,05:00 PM,09/13/2016,05:00 PM,False,"event: GBP Retail Price Index (YoY), currency: GBP, date=2016-09-13 17:00:30+09:00 GMT, importance=LOW, actual=, previous=1.9%, forecast=",,True,GBP,LOW
GBP Retail Price Index Ex Mort Int.Payments (YoY),09/13/2016,05:00 PM,09/13/2016,05:00 PM,False,"event: GBP Retail Price Index Ex Mort Int.Payments (YoY), currency: GBP, date=2016-09-13 17:00:30+09:00 GMT, importance=LOW, actual=, previous=1.9%, forecast=",,True,GBP,LOW
GBP Producer Price Index Input n.s.a. (MoM),09/13/2016,05:00 PM,09/13/2016,05:00 PM,False,"event: GBP Producer Price Index Input n.s.a. (MoM), currency: GBP, date=2016-09-13 17:00:30+09:00 GMT, importance=LOW, actual=, previous=3.3%, forecast=",,True,GBP,LOW
GBP Producer Price Index Input n.s.a. (YoY),09/13/2016,05:00 PM,09/13/2016,05:00 PM,False,"event: GBP Producer Price Index Input n.s.a. (YoY), currency: GBP, date=2016-09-13 17:00:30+09:00 GMT, importance=LOW, actual=, previous=4.3%, forecast=",,True,GBP,LOW
GBP Producer Price Index Output n.s.a. (MoM),09/13/2016,05:00 PM,09/13/2016,05:00 PM,False,"event: GBP Producer Price Index Output n.s.a. (MoM), currency: GBP, date=2016-09-13 17:00:30+09:00 GMT, importance=LOW, actual=, previous=0.3%, forecast=",,True,GBP,LOW
GBP Producer Price Index Output n.s.a. (YoY),09/13/2016,05:00 PM,09/13/2016,05:00 PM,False,"event: GBP Producer Price Index Output n.s.a. (YoY), currency: GBP, date=2016-09-13 17:00:30+09:00 GMT, importance=LOW, actual=, previous=0.3%, forecast=",,True,GBP,LOW
EUR Euro-Zone Employment (QoQ),09/13/2016,06:00 PM,09/13/2016,06:00 PM,False,"event: EUR Euro-Zone Employment (QoQ), currency: EUR, date=2016-09-13 18:00:00+09:00 GMT, importance=LOW, actual=, previous=0.3%, forecast=",,True,EUR,LOW
EUR Euro-Zone Employment (YoY),09/13/2016,06:00 PM,09/13/2016,06:00 PM,False,"event: EUR Euro-Zone Employment (YoY), currency: EUR, date=2016-09-13 18:00:00+09:00 GMT, importance=MEDIUM, actual=, previous=1.4%, forecast=",,True,EUR,MEDIUM
EUR German ZEW Survey (Current Situation),09/13/2016,06:00 PM,09/13/2016,06:00 PM,False,"event: EUR German ZEW Survey (Current Situation), currency: EUR, date=2016-09-13 18:00:00+09:00 GMT, importance=MEDIUM, actual=, previous=57.6, forecast=",,True,EUR,MEDIUM
EUR German ZEW Survey (Economic Sentiment),09/13/2016,06:00 PM,09/13/2016,06:00 PM,False,"event: EUR German ZEW Survey (Economic Sentiment), currency: EUR, date=2016-09-13 18:00:00+09:00 GMT, importance=MEDIUM, actual=, previous=0.5, forecast=",,True,EUR,MEDIUM
EUR Euro-Zone ZEW Survey (Economic Sentiment),09/13/2016,06:00 PM,09/13/2016,06:00 PM,False,"event: EUR Euro-Zone ZEW Survey (Economic Sentiment), currency: EUR, date=2016-09-13 18:00:00+09:00 GMT, importance=HIGH, actual=, previous=4.6, forecast=",,True,EUR,HIGH
GBP BOE Indexed Long-Term Repo Operation Results,09/13/2016,06:00 PM,09/13/2016,06:00 PM,False,"event: GBP BOE Indexed Long-Term Repo Operation Results, currency: GBP, date=2016-09-13 18:00:40+09:00 GMT, importance=LOW, actual=, previous=, forecast=",,True,GBP,LOW
USD NFIB Small Business Optimism,09/13/2016,07:00 PM,09/13/2016,07:00 PM,False,"event: USD NFIB Small Business Optimism, currency: USD, date=2016-09-13 19:00:00+09:00 GMT, importance=MEDIUM, actual=, previous=94.6, forecast=",,True,USD,MEDIUM
GBP Bank of England Bond-Buying Operation Results,09/13/2016,10:00 PM,09/13/2016,10:00 PM,False,"event: GBP Bank of England Bond-Buying Operation Results, currency: GBP, date=2016-09-13 22:00:50+09:00 GMT, importance=LOW, actual=, previous=, forecast=",,True,GBP,LOW
USD U.S. to Sell 4-Week Bills,09/14/2016,12:00 AM,09/14/2016,12:00 AM,False,"event: USD U.S. to Sell 4-Week Bills, currency: USD, date=2016-09-14 00:00:30+09:00 GMT, importance=LOW, actual=, previous=, forecast=",,True,USD,LOW
USD U.S. to Sell 52-Week Bills,09/14/2016,12:00 AM,09/14/2016,12:00 AM,False,"event: USD U.S. to Sell 52-Week Bills, currency: USD, date=2016-09-14 00:00:30+09:00 GMT, importance=LOW, actual=, previous=, forecast=",,True,USD,LOW
USD U.S. to Sell 30-Year Bonds Reopening,09/14/2016,02:00 AM,09/14/2016,02:00 AM,False,"event: USD U.S. to Sell 30-Year Bonds Reopening, currency: USD, date=2016-09-14 02:00:00+09:00 GMT, importance=LOW, actual=, previous=, forecast=",,True,USD,LOW
USD Monthly Budget Statement,09/14/2016,03:00 AM,09/14/2016,03:00 AM,False,"event: USD Monthly Budget Statement, currency: USD, date=2016-09-14 03:00:00+09:00 GMT, importance=MEDIUM, actual=, previous=, forecast=",,True,USD,MEDIUM
NZD Current Account Balance,09/14/2016,07:00 AM,09/14/2016,07:00 AM,False,"event: NZD Current Account Balance, currency: NZD, date=2016-09-14 07:00:45+09:00 GMT, importance=LOW, actual=, previous=1.306b, forecast=",,True,NZD,LOW
NZD Current Account Deficit-GDP Ratio,09/14/2016,07:00 AM,09/14/2016,07:00 AM,False,"event: NZD Current Account Deficit-GDP Ratio, currency: NZD, date=2016-09-14 07:00:45+09:00 GMT, importance=LOW, actual=, previous=-3.0%, forecast=",,True,NZD,LOW
AUD Westpac Consumer Conf Index,09/14/2016,09:00 AM,09/14/2016,09:00 AM,False,"event: AUD Westpac Consumer Conf Index, currency: AUD, date=2016-09-14 09:00:30+09:00 GMT, importance=LOW, actual=, previous=101, forecast=",,True,AUD,LOW
AUD Westpac Consumer Confidence,09/14/2016,09:00 AM,09/14/2016,09:00 AM,False,"event: AUD Westpac Consumer Confidence, currency: AUD, date=2016-09-14 09:00:30+09:00 GMT, importance=MEDIUM, actual=, previous=2.0%, forecast=",,True,AUD,MEDIUM
JPY Industrial Production (MoM),09/14/2016,01:00 PM,09/14/2016,01:00 PM,False,"event: JPY Industrial Production (MoM), currency: JPY, date=2016-09-14 13:00:30+09:00 GMT, importance=LOW, actual=, previous=0.0%, forecast=",,True,JPY,LOW
JPY Industrial Production (YoY),09/14/2016,01:00 PM,09/14/2016,01:00 PM,False,"event: JPY Industrial Production (YoY), currency: JPY, date=2016-09-14 13:00:30+09:00 GMT, importance=MEDIUM, actual=, previous=-3.8%, forecast=",,True,JPY,MEDIUM
JPY Capacity Utilization (MoM),09/14/2016,01:00 PM,09/14/2016,01:00 PM,False,"event: JPY Capacity Utilization (MoM), currency: JPY, date=2016-09-14 13:00:30+09:00 GMT, importance=LOW, actual=, previous=1.5%, forecast=",,True,JPY,LOW
AUD RBA's Richards Speed on Gold Coast,09/14/2016,03:00 PM,09/14/2016,03:00 PM,False,"event: AUD RBA's Richards Speed on Gold Coast, currency: AUD, date=2016-09-14 15:00:45+09:00 GMT, importance=LOW, actual=, previous=, forecast=",,True,AUD,LOW
GBP Employment Change (3M/3M),09/14/2016,05:00 PM,09/14/2016,05:00 PM,False,"event: GBP Employment Change (3M/3M), currency: GBP, date=2016-09-14 17:00:30+09:00 GMT, importance=MEDIUM, actual=, previous=172k, forecast=",,True,GBP,MEDIUM
GBP Claimant Count Rate,09/14/2016,05:00 PM,09/14/2016,05:00 PM,False,"event: GBP Claimant Count Rate, currency: GBP, date=2016-09-14 17:00:30+09:00 GMT, importance=MEDIUM, actual=, previous=2.2%, forecast=",,True,GBP,MEDIUM
GBP Jobless Claims Change,09/14/2016,05:00 PM,09/14/2016,05:00 PM,False,"event: GBP Jobless Claims Change, currency: GBP, date=2016-09-14 17:00:30+09:00 GMT, importance=MEDIUM, actual=, previous=-8.6k, forecast=",,True,GBP,MEDIUM
GBP Average Weekly Earnings (3M/YoY),09/14/2016,05:00 PM,09/14/2016,05:00 PM,False,"event: GBP Average Weekly Earnings (3M/YoY), currency: GBP, date=2016-09-14 17:00:30+09:00 GMT, importance=MEDIUM, actual=, previous=2.4%, forecast=",,True,GBP,MEDIUM
GBP Weekly Earnings ex Bonus (3M/YoY),09/14/2016,05:00 PM,09/14/2016,05:00 PM,False,"event: GBP Weekly Earnings ex Bonus (3M/YoY), currency: GBP, date=2016-09-14 17:00:30+09:00 GMT, importance=MEDIUM, actual=, previous=2.3%, forecast=",,True,GBP,MEDIUM
GBP ILO Unemployment Rate (3M),09/14/2016,05:00 PM,09/14/2016,05:00 PM,False,"event: GBP ILO Unemployment Rate (3M), currency: GBP, date=2016-09-14 17:00:30+09:00 GMT, importance=MEDIUM, actual=, previous=4.9%, forecast=",,True,GBP,MEDIUM
EUR Euro-Zone Industrial Production s.a. (MoM),09/14/2016,06:00 PM,09/14/2016,06:00 PM,False,"event: EUR Euro-Zone Industrial Production s.a. (MoM), currency: EUR, date=2016-09-14 18:00:00+09:00 GMT, importance=LOW, actual=, previous=0.6%, forecast=",,True,EUR,LOW
EUR Euro-Zone Industrial Production w.d.a. (YoY),09/14/2016,06:00 PM,09/14/2016,06:00 PM,False,"event: EUR Euro-Zone Industrial Production w.d.a. (YoY), currency: EUR, date=2016-09-14 18:00:00+09:00 GMT, importance=MEDIUM, actual=, previous=0.4%, forecast=",,True,EUR,MEDIUM
CHF ZEW Survey (Expectations),09/14/2016,06:00 PM,09/14/2016,06:00 PM,False,"event: CHF ZEW Survey (Expectations), currency: CHF, date=2016-09-14 18:00:00+09:00 GMT, importance=MEDIUM, actual=, previous=-2.8, forecast=",,True,CHF,MEDIUM
AUD RBA's Debelle Speech in London,09/14/2016,06:00 PM,09/14/2016,06:00 PM,False,"event: AUD RBA's Debelle Speech in London, currency: AUD, date=2016-09-14 18:00:50+09:00 GMT, importance=LOW, actual=, previous=, forecast=",,True,AUD,LOW
CAD Bank of Canada's Wilkins Lecture in London UK,09/14/2016,07:00 PM,09/14/2016,07:00 PM,False,"event: CAD Bank of Canada's Wilkins Lecture in London UK, currency: CAD, date=2016-09-14 19:00:15+09:00 GMT, importance=LOW, actual=, previous=, forecast=",,True,CAD,LOW
USD MBA Mortgage Applications,09/14/2016,08:00 PM,09/14/2016,08:00 PM,False,"event: USD MBA Mortgage Applications, currency: USD, date=2016-09-14 20:00:00+09:00 GMT, importance=MEDIUM, actual=, previous=, forecast=",,True,USD,MEDIUM
USD Import Price Index (MoM),09/14/2016,09:00 PM,09/14/2016,09:00 PM,False,"event: USD Import Price Index (MoM), currency: USD, date=2016-09-14 21:00:30+09:00 GMT, importance=LOW, actual=, previous=0.1%, forecast=-0.4%",,True,USD,LOW
USD Import Price Index (YoY),09/14/2016,09:00 PM,09/14/2016,09:00 PM,False,"event: USD Import Price Index (YoY), currency: USD, date=2016-09-14 21:00:30+09:00 GMT, importance=LOW, actual=, previous=-3.7%, forecast=",,True,USD,LOW
CAD Teranet/National Bank HPI (MoM),09/14/2016,09:00 PM,09/14/2016,09:00 PM,False,"event: CAD Teranet/National Bank HPI (MoM), currency: CAD, date=2016-09-14 21:00:30+09:00 GMT, importance=LOW, actual=, previous=2.0%, forecast=",,True,CAD,LOW
CAD Teranet/National Bank HP Index,09/14/2016,09:00 PM,09/14/2016,09:00 PM,False,"event: CAD Teranet/National Bank HP Index, currency: CAD, date=2016-09-14 21:00:30+09:00 GMT, importance=LOW, actual=, previous=193.36, forecast=",,True,CAD,LOW
CAD Teranet/National Bank HPI (YoY),09/14/2016,09:00 PM,09/14/2016,09:00 PM,False,"event: CAD Teranet/National Bank HPI (YoY), currency: CAD, date=2016-09-14 21:00:30+09:00 GMT, importance=LOW, actual=, previous=10.9%, forecast=",,True,CAD,LOW
GBP Bank of England Bond-Buying Operation Results,09/14/2016,10:00 PM,09/14/2016,10:00 PM,False,"event: GBP Bank of England Bond-Buying Operation Results, currency: GBP, date=2016-09-14 22:00:50+09:00 GMT, importance=LOW, actual=, previous=, forecast=",,True,GBP,LOW
USD DOE U.S. Crude Oil Inventories,09/14/2016,11:00 PM,09/14/2016,11:00 PM,False,"event: USD DOE U.S. Crude Oil Inventories, currency: USD, date=2016-09-14 23:00:30+09:00 GMT, importance=MEDIUM, actual=, previous=, forecast=",,True,USD,MEDIUM
USD DOE Cushing OK Crude Inventory,09/14/2016,11:00 PM,09/14/2016,11:00 PM,False,"event: USD DOE Cushing OK Crude Inventory, currency: USD, date=2016-09-14 23:00:30+09:00 GMT, importance=LOW, actual=, previous=, forecast=",,True,USD,LOW
USD DOE U.S. Gasoline Inventories,09/14/2016,11:00 PM,09/14/2016,11:00 PM,False,"event: USD DOE U.S. Gasoline Inventories, currency: USD, date=2016-09-14 23:00:30+09:00 GMT, importance=LOW, actual=, previous=, forecast=",,True,USD,LOW
USD DOE U.S. Distillate Inventory,09/14/2016,11:00 PM,09/14/2016,11:00 PM,False,"event: USD DOE U.S. Distillate Inventory, currency: USD, date=2016-09-14 23:00:30+09:00 GMT, importance=LOW, actual=, previous=, forecast=",,True,USD,LOW
NZD Business NZ Performance of Manufacturing Index,09/15/2016,07:00 AM,09/15/2016,07:00 AM,False,"event: NZD Business NZ Performance of Manufacturing Index, currency: NZD, date=2016-09-15 07:00:30+09:00 GMT, importance=MEDIUM, actual=, previous=55.8, forecast=",,True,NZD,MEDIUM
NZD Gross Domestic Product (QoQ),09/15/2016,07:00 AM,09/15/2016,07:00 AM,False,"event: NZD Gross Domestic Product (QoQ), currency: NZD, date=2016-09-15 07:00:45+09:00 GMT, importance=MEDIUM, actual=, previous=0.7%, forecast=",,True,NZD,MEDIUM
NZD Gross Domestic Product (YoY),09/15/2016,07:00 AM,09/15/2016,07:00 AM,False,"event: NZD Gross Domestic Product (YoY), currency: NZD, date=2016-09-15 07:00:45+09:00 GMT, importance=HIGH, actual=, previous=2.8%, forecast=",,True,NZD,HIGH
JPY Foreign Buying Japan Bonds (Yen),09/15/2016,08:00 AM,09/15/2016,08:00 AM,False,"event: JPY Foreign Buying Japan Bonds (Yen), currency: JPY, date=2016-09-15 08:00:50+09:00 GMT, importance=LOW, actual=, previous=, forecast=",,True,JPY,LOW
JPY Japan Buying Foreign Bonds (Yen),09/15/2016,08:00 AM,09/15/2016,08:00 AM,False,"event: JPY Japan Buying Foreign Bonds (Yen), currency: JPY, date=2016-09-15 08:00:50+09:00 GMT, importance=MEDIUM, actual=, previous=, forecast=",,True,JPY,MEDIUM
JPY Japan Buying Foreign Stocks (Yen),09/15/2016,08:00 AM,09/15/2016,08:00 AM,False,"event: JPY Japan Buying Foreign Stocks (Yen), currency: JPY, date=2016-09-15 08:00:50+09:00 GMT, importance=MEDIUM, actual=, previous=, forecast=",,True,JPY,MEDIUM
JPY Foreign Buying Japan Stocks (Yen),09/15/2016,08:00 AM,09/15/2016,08:00 AM,False,"event: JPY Foreign Buying Japan Stocks (Yen), currency: JPY, date=2016-09-15 08:00:50+09:00 GMT, importance=LOW, actual=, previous=, forecast=",,True,JPY,LOW
AUD Consumer Inflation Expectation,09/15/2016,10:00 AM,09/15/2016,10:00 AM,False,"event: AUD Consumer Inflation Expectation, currency: AUD, date=2016-09-15 10:00:00+09:00 GMT, importance=MEDIUM, actual=, previous=3.5%, forecast=",,True,AUD,MEDIUM
AUD New Motor Vehicle Sales (MoM),09/15/2016,10:00 AM,09/15/2016,10:00 AM,False,"event: AUD New Motor Vehicle Sales (MoM), currency: AUD, date=2016-09-15 10:00:30+09:00 GMT, importance=LOW, actual=, previous=-1.3%, forecast=",,True,AUD,LOW
AUD Unemployment Rate,09/15/2016,10:00 AM,09/15/2016,10:00 AM,False,"event: AUD Unemployment Rate, currency: AUD, date=2016-09-15 10:00:30+09:00 GMT, importance=HIGH, actual=, previous=5.7%, forecast=",,True,AUD,HIGH
AUD Full Time Employment Change,09/15/2016,10:00 AM,09/15/2016,10:00 AM,False,"event: AUD Full Time Employment Change, currency: AUD, date=2016-09-15 10:00:30+09:00 GMT, importance=MEDIUM, actual=, previous=-45.4k, forecast=",,True,AUD,MEDIUM
AUD Employment Change,09/15/2016,10:00 AM,09/15/2016,10:00 AM,False,"event: AUD Employment Change, currency: AUD, date=2016-09-15 10:00:30+09:00 GMT, importance=HIGH, actual=, previous=26.2k, forecast=",,True,AUD,HIGH
AUD Part Time Employment Change,09/15/2016,10:00 AM,09/15/2016,10:00 AM,False,"event: AUD Part Time Employment Change, currency: AUD, date=2016-09-15 10:00:30+09:00 GMT, importance=LOW, actual=, previous=71.6k, forecast=",,True,AUD,LOW
AUD Participation Rate,09/15/2016,10:00 AM,09/15/2016,10:00 AM,False,"event: AUD Participation Rate, currency: AUD, date=2016-09-15 10:00:30+09:00 GMT, importance=LOW, actual=, previous=64.9%, forecast=",,True,AUD,LOW
AUD New Motor Vehicle Sales (YoY),09/15/2016,10:00 AM,09/15/2016,10:00 AM,False,"event: AUD New Motor Vehicle Sales (YoY), currency: AUD, date=2016-09-15 10:00:30+09:00 GMT, importance=LOW, actual=, previous=1.6%, forecast=",,True,AUD,LOW
AUD RBA FX Transactions Government,09/15/2016,10:00 AM,09/15/2016,10:00 AM,False,"event: AUD RBA FX Transactions Government, currency: AUD, date=2016-09-15 10:00:30+09:00 GMT, importance=LOW, actual=, previous=-463m, forecast=",,True,AUD,LOW
AUD RBA Foreign Exchange Transaction (Australian dollar),09/15/2016,10:00 AM,09/15/2016,10:00 AM,False,"event: AUD RBA Foreign Exchange Transaction (Australian dollar), currency: AUD, date=2016-09-15 10:00:30+09:00 GMT, importance=LOW, actual=, previous=444m, forecast=",,True,AUD,LOW
AUD RBA FX Transactions Other,09/15/2016,10:00 AM,09/15/2016,10:00 AM,False,"event: AUD RBA FX Transactions Other, currency: AUD, date=2016-09-15 10:00:30+09:00 GMT, importance=LOW, actual=, previous=48m, forecast=",,True,AUD,LOW
EUR EU 25 New Car Registrations,09/15/2016,03:00 PM,09/15/2016,03:00 PM,False,"event: EUR EU 25 New Car Registrations, currency: EUR, date=2016-09-15 15:00:00+09:00 GMT, importance=LOW, actual=, previous=6.9%, forecast=",,True,EUR,LOW
CHF SNB 3-Month Libor Lower Target Range,09/15/2016,04:00 PM,09/15/2016,04:00 PM,False,"event: CHF SNB 3-Month Libor Lower Target Range, currency: CHF, date=2016-09-15 16:00:30+09:00 GMT, importance=HIGH, actual=, previous=-1.3%, forecast=",,True,CHF,HIGH
CHF SNB 3-Month Libor Upper Target Range,09/15/2016,04:00 PM,09/15/2016,04:00 PM,False,"event: CHF SNB 3-Month Libor Upper Target Range, currency: CHF, date=2016-09-15 16:00:30+09:00 GMT, importance=HIGH, actual=, previous=-0.3%, forecast=",,True,CHF,HIGH
CHF SNB Sight Deposit Interest Rate,09/15/2016,04:00 PM,09/15/2016,04:00 PM,False,"event: CHF SNB Sight Deposit Interest Rate, currency: CHF, date=2016-09-15 16:00:30+09:00 GMT, importance=HIGH, actual=, previous=-0.8%, forecast=",,True,CHF,HIGH
GBP Retail Sales Inc Auto Fuel (MoM),09/15/2016,05:00 PM,09/15/2016,05:00 PM,False,"event: GBP Retail Sales Inc Auto Fuel (MoM), currency: GBP, date=2016-09-15 17:00:30+09:00 GMT, importance=LOW, actual=, previous=1.4%, forecast=",,True,GBP,LOW
GBP Retail Sales (MoM),09/15/2016,05:00 PM,09/15/2016,05:00 PM,False,"event: GBP Retail Sales (MoM), currency: GBP, date=2016-09-15 17:00:30+09:00 GMT, importance=LOW, actual=, previous=1.5%, forecast=",,True,GBP,LOW
GBP Retail Sales (YoY),09/15/2016,05:00 PM,09/15/2016,05:00 PM,False,"event: GBP Retail Sales (YoY), currency: GBP, date=2016-09-15 17:00:30+09:00 GMT, importance=MEDIUM, actual=, previous=5.4%, forecast=",,True,GBP,MEDIUM
GBP Retail Sales Inc Auto Fuel (YoY),09/15/2016,05:00 PM,09/15/2016,05:00 PM,False,"event: GBP Retail Sales Inc Auto Fuel (YoY), currency: GBP, date=2016-09-15 17:00:30+09:00 GMT, importance=LOW, actual=, previous=5.9%, forecast=",,True,GBP,LOW
EUR Euro-Zone Consumer Price Index (MoM),09/15/2016,06:00 PM,09/15/2016,06:00 PM,False,"event: EUR Euro-Zone Consumer Price Index (MoM), currency: EUR, date=2016-09-15 18:00:00+09:00 GMT, importance=MEDIUM, actual=, previous=-0.6%, forecast=",,True,EUR,MEDIUM
EUR Euro-Zone Consumer Price Index (YoY),09/15/2016,06:00 PM,09/15/2016,06:00 PM,False,"event: EUR Euro-Zone Consumer Price Index (YoY), currency: EUR, date=2016-09-15 18:00:00+09:00 GMT, importance=MEDIUM, actual=, previous=, forecast=",,True,EUR,MEDIUM
EUR Euro-Zone Consumer Price Index - Core (YoY),09/15/2016,06:00 PM,09/15/2016,06:00 PM,False,"event: EUR Euro-Zone Consumer Price Index - Core (YoY), currency: EUR, date=2016-09-15 18:00:00+09:00 GMT, importance=MEDIUM, actual=, previous=0.8%, forecast=",,True,EUR,MEDIUM
EUR Euro-Zone Trade Balance s.a. (euros),09/15/2016,06:00 PM,09/15/2016,06:00 PM,False,"event: EUR Euro-Zone Trade Balance s.a. (euros), currency: EUR, date=2016-09-15 18:00:00+09:00 GMT, importance=LOW, actual=, previous=23.4b, forecast=",,True,EUR,LOW
EUR Euro-Zone Trade Balance (euros),09/15/2016,06:00 PM,09/15/2016,06:00 PM,False,"event: EUR Euro-Zone Trade Balance (euros), currency: EUR, date=2016-09-15 18:00:00+09:00 GMT, importance=LOW, actual=, previous=29.2b, forecast=",,True,EUR,LOW
GBP BOE Asset Purchase Target,09/15/2016,08:00 PM,09/15/2016,08:00 PM,False,"event: GBP BOE Asset Purchase Target, currency: GBP, date=2016-09-15 20:00:00+09:00 GMT, importance=HIGH, actual=, previous=435b, forecast=",,True,GBP,HIGH
GBP Bank of England Rate Decision,09/15/2016,08:00 PM,09/15/2016,08:00 PM,False,"event: GBP Bank of England Rate Decision, currency: GBP, date=2016-09-15 20:00:00+09:00 GMT, importance=HIGH, actual=, previous=0.25%, forecast=",,True,GBP,HIGH
USD Current Account Balance,09/15/2016,09:00 PM,09/15/2016,09:00 PM,False,"event: USD Current Account Balance, currency: USD, date=2016-09-15 21:00:30+09:00 GMT, importance=LOW, actual=, previous=-$124.7b, forecast=-$125.0b",,True,USD,LOW
USD Advance Retail Sales,09/15/2016,09:00 PM,09/15/2016,09:00 PM,False,"event: USD Advance Retail Sales, currency: USD, date=2016-09-15 21:00:30+09:00 GMT, importance=HIGH, actual=, previous=0.0%, forecast=0.2%",,True,USD,HIGH
USD Continuing Claims,09/15/2016,09:00 PM,09/15/2016,09:00 PM,False,"event: USD Continuing Claims, currency: USD, date=2016-09-15 21:00:30+09:00 GMT, importance=MEDIUM, actual=, previous=, forecast=",,True,USD,MEDIUM
USD PPI Final Demand (MoM),09/15/2016,09:00 PM,09/15/2016,09:00 PM,False,"event: USD PPI Final Demand (MoM), currency: USD, date=2016-09-15 21:00:30+09:00 GMT, importance=LOW, actual=, previous=-0.4%, forecast=0.0%",,True,USD,LOW
USD PPI Ex Food and Energy (MoM),09/15/2016,09:00 PM,09/15/2016,09:00 PM,False,"event: USD PPI Ex Food and Energy (MoM), currency: USD, date=2016-09-15 21:00:30+09:00 GMT, importance=LOW, actual=, previous=-0.3%, forecast=0.2%",,True,USD,LOW
USD PPI Ex Food and Energy (YoY),09/15/2016,09:00 PM,09/15/2016,09:00 PM,False,"event: USD PPI Ex Food and Energy (YoY), currency: USD, date=2016-09-15 21:00:30+09:00 GMT, importance=LOW, actual=, previous=0.7%, forecast=",,True,USD,LOW
USD Empire Manufacturing,09/15/2016,09:00 PM,09/15/2016,09:00 PM,False,"event: USD Empire Manufacturing, currency: USD, date=2016-09-15 21:00:30+09:00 GMT, importance=LOW, actual=, previous=-4.21, forecast=",,True,USD,LOW
USD Retail Sales Less Autos,09/15/2016,09:00 PM,09/15/2016,09:00 PM,False,"event: USD Retail Sales Less Autos, currency: USD, date=2016-09-15 21:00:30+09:00 GMT, importance=MEDIUM, actual=, previous=-0.3%, forecast=0.3%",,True,USD,MEDIUM
USD Retail Sales Ex Auto and Gas,09/15/2016,09:00 PM,09/15/2016,09:00 PM,False,"event: USD Retail Sales Ex Auto and Gas, currency: USD, date=2016-09-15 21:00:30+09:00 GMT, importance=LOW, actual=, previous=-0.1%, forecast=",,True,USD,LOW
USD Initial Jobless Claims,09/15/2016,09:00 PM,09/15/2016,09:00 PM,False,"event: USD Initial Jobless Claims, currency: USD, date=2016-09-15 21:00:30+09:00 GMT, importance=MEDIUM, actual=, previous=, forecast=",,True,USD,MEDIUM
USD Retail Sales Control Group,09/15/2016,09:00 PM,09/15/2016,09:00 PM,False,"event: USD Retail Sales Control Group, currency: USD, date=2016-09-15 21:00:30+09:00 GMT, importance=MEDIUM, actual=, previous=0.0%, forecast=",,True,USD,MEDIUM
USD Philadelphia Fed.,09/15/2016,09:00 PM,09/15/2016,09:00 PM,False,"event: USD Philadelphia Fed., currency: USD, date=2016-09-15 21:00:30+09:00 GMT, importance=MEDIUM, actual=, previous=2, forecast=",,True,USD,MEDIUM
"USD PPI Ex Food, Energy, Trade (MoM)",09/15/2016,09:00 PM,09/15/2016,09:00 PM,False,"event: USD PPI Ex Food, Energy, Trade (MoM), currency: USD, date=2016-09-15 21:00:30+09:00 GMT, importance=LOW, actual=, previous=0.0%, forecast=",,True,USD,LOW
USD PPI Final Demand (YoY),09/15/2016,09:00 PM,09/15/2016,09:00 PM,False,"event: USD PPI Final Demand (YoY), currency: USD, date=2016-09-15 21:00:30+09:00 GMT, importance=LOW, actual=, previous=-0.2%, forecast=",,True,USD,LOW
"USD PPI Ex Food, Energy, Trade (YoY)",09/15/2016,09:00 PM,09/15/2016,09:00 PM,False,"event: USD PPI Ex Food, Energy, Trade (YoY), currency: USD, date=2016-09-15 21:00:30+09:00 GMT, importance=LOW, actual=, previous=0.8%, forecast=",,True,USD,LOW
USD Existing Home Sales (MoM),09/15/2016,10:00 PM,09/15/2016,10:00 PM,False,"event: USD Existing Home Sales (MoM), currency: USD, date=2016-09-15 22:00:00+09:00 GMT, importance=MEDIUM, actual=, previous=-1.3%, forecast=",,True,USD,MEDIUM
USD Capacity Utilization,09/15/2016,10:00 PM,09/15/2016,10:00 PM,False,"event: USD Capacity Utilization, currency: USD, date=2016-09-15 22:00:15+09:00 GMT, importance=LOW, actual=, previous=75.9%, forecast=75.7%",,True,USD,LOW
USD Manufacturing (SIC) Production,09/15/2016,10:00 PM,09/15/2016,10:00 PM,False,"event: USD Manufacturing (SIC) Production, currency: USD, date=2016-09-15 22:00:15+09:00 GMT, importance=MEDIUM, actual=, previous=0.5%, forecast=",,True,USD,MEDIUM
USD Industrial Production,09/15/2016,10:00 PM,09/15/2016,10:00 PM,False,"event: USD Industrial Production, currency: USD, date=2016-09-15 22:00:15+09:00 GMT, importance=MEDIUM, actual=, previous=0.7%, forecast=-0.2%",,True,USD,MEDIUM
USD Business Inventories,09/15/2016,11:00 PM,09/15/2016,11:00 PM,False,"event: USD Business Inventories, currency: USD, date=2016-09-15 23:00:00+09:00 GMT, importance=MEDIUM, actual=, previous=0.2%, forecast=",,True,USD,MEDIUM
USD EIA Natural Gas Storage Change,09/15/2016,11:00 PM,09/15/2016,11:00 PM,False,"event: USD EIA Natural Gas Storage Change, currency: USD, date=2016-09-15 23:00:30+09:00 GMT, importance=LOW, actual=, previous=, forecast=",,True,USD,LOW
USD EIA Working Natural Gas Implied Flow,09/15/2016,11:00 PM,09/15/2016,11:00 PM,False,"event: USD EIA Working Natural Gas Implied Flow, currency: USD, date=2016-09-15 23:00:30+09:00 GMT, importance=LOW, actual=, previous=, forecast=",,True,USD,LOW
NZD ANZ Job Advertisements (MoM),09/16/2016,07:00 AM,09/16/2016,07:00 AM,False,"event: NZD ANZ Job Advertisements (MoM), currency: NZD, date=2016-09-16 07:00:00+09:00 GMT, importance=LOW, actual=, previous=1.4%, forecast=",,True,NZD,LOW
NZD ANZ Consumer Confidence Index,09/16/2016,10:00 AM,09/16/2016,10:00 AM,False,"event: NZD ANZ Consumer Confidence Index, currency: NZD, date=2016-09-16 10:00:00+09:00 GMT, importance=LOW, actual=, previous=117.7, forecast=",,True,NZD,LOW
NZD ANZ Consumer Confidence (MoM),09/16/2016,10:00 AM,09/16/2016,10:00 AM,False,"event: NZD ANZ Consumer Confidence (MoM), currency: NZD, date=2016-09-16 10:00:00+09:00 GMT, importance=LOW, actual=, previous=-0.4%, forecast=",,True,NZD,LOW
NZD Non Resident Bond Holdings,09/16/2016,12:00 PM,09/16/2016,12:00 PM,False,"event: NZD Non Resident Bond Holdings, currency: NZD, date=2016-09-16 12:00:00+09:00 GMT, importance=LOW, actual=, previous=67.2%, forecast=",,True,NZD,LOW
EUR Euro-Zone Labor Costs (YoY),09/16/2016,06:00 PM,09/16/2016,06:00 PM,False,"event: EUR Euro-Zone Labor Costs (YoY), currency: EUR, date=2016-09-16 18:00:00+09:00 GMT, importance=LOW, actual=, previous=1.7%, forecast=",,True,EUR,LOW
CAD Manufacturing Shipments (MoM),09/16/2016,09:00 PM,09/16/2016,09:00 PM,False,"event: CAD Manufacturing Shipments (MoM), currency: CAD, date=2016-09-16 21:00:30+09:00 GMT, importance=LOW, actual=, previous=0.8%, forecast=",,True,CAD,LOW
USD Consumer Price Index (MoM),09/16/2016,09:00 PM,09/16/2016,09:00 PM,False,"event: USD Consumer Price Index (MoM), currency: USD, date=2016-09-16 21:00:30+09:00 GMT, importance=MEDIUM, actual=, previous=0.0%, forecast=0.1%",,True,USD,MEDIUM
USD Consumer Price Index Ex Food & Energy (MoM),09/16/2016,09:00 PM,09/16/2016,09:00 PM,False,"event: USD Consumer Price Index Ex Food & Energy (MoM), currency: USD, date=2016-09-16 21:00:30+09:00 GMT, importance=MEDIUM, actual=, previous=0.1%, forecast=0.2%",,True,USD,MEDIUM
USD Consumer Price Index (YoY),09/16/2016,09:00 PM,09/16/2016,09:00 PM,False,"event: USD Consumer Price Index (YoY), currency: USD, date=2016-09-16 21:00:30+09:00 GMT, importance=HIGH, actual=, previous=0.8%, forecast=",,True,USD,HIGH
USD Consumer Price Index Ex Food & Energy (YoY),09/16/2016,09:00 PM,09/16/2016,09:00 PM,False,"event: USD Consumer Price Index Ex Food & Energy (YoY), currency: USD, date=2016-09-16 21:00:30+09:00 GMT, importance=HIGH, actual=, previous=2.2%, forecast=",,True,USD,HIGH
USD Consumer Price Index n.s.a.,09/16/2016,09:00 PM,09/16/2016,09:00 PM,False,"event: USD Consumer Price Index n.s.a., currency: USD, date=2016-09-16 21:00:30+09:00 GMT, importance=LOW, actual=, previous=240.647, forecast=",,True,USD,LOW
USD Consumer Price Index Core Index s.a.,09/16/2016,09:00 PM,09/16/2016,09:00 PM,False,"event: USD Consumer Price Index Core Index s.a., currency: USD, date=2016-09-16 21:00:30+09:00 GMT, importance=LOW, actual=, previous=247.713, forecast=",,True,USD,LOW
USD Real Avg Weekly Earnings (YoY),09/16/2016,09:00 PM,09/16/2016,09:00 PM,False,"event: USD Real Avg Weekly Earnings (YoY), currency: USD, date=2016-09-16 21:00:30+09:00 GMT, importance=MEDIUM, actual=, previous=1.4%, forecast=",,True,USD,MEDIUM
CAD International Securities Transactions (Canadian dollar),09/16/2016,09:00 PM,09/16/2016,09:00 PM,False,"event: CAD International Securities Transactions (Canadian dollar), currency: CAD, date=2016-09-16 21:00:30+09:00 GMT, importance=LOW, actual=, previous=9.02b, forecast=",,True,CAD,LOW
USD U. of Mich. Current Conditions,09/16/2016,11:00 PM,09/16/2016,11:00 PM,False,"event: USD U. of Mich. Current Conditions, currency: USD, date=2016-09-16 23:00:00+09:00 GMT, importance=LOW, actual=, previous=107, forecast=",,True,USD,LOW
USD U. of Mich. Expectations,09/16/2016,11:00 PM,09/16/2016,11:00 PM,False,"event: USD U. of Mich. Expectations, currency: USD, date=2016-09-16 23:00:00+09:00 GMT, importance=LOW, actual=, previous=78.7, forecast=",,True,USD,LOW
USD U. of Mich. 1 Yr Inflation,09/16/2016,11:00 PM,09/16/2016,11:00 PM,False,"event: USD U. of Mich. 1 Yr Inflation, currency: USD, date=2016-09-16 23:00:00+09:00 GMT, importance=LOW, actual=, previous=2.5%, forecast=",,True,USD,LOW
USD U. of Mich. 5-10 Yr Inflation,09/16/2016,11:00 PM,09/16/2016,11:00 PM,False,"event: USD U. of Mich. 5-10 Yr Inflation, currency: USD, date=2016-09-16 23:00:00+09:00 GMT, importance=LOW, actual=, previous=2.5%, forecast=",,True,USD,LOW
USD U. of Michigan Confidence,09/16/2016,11:00 PM,09/16/2016,11:00 PM,False,"event: USD U. of Michigan Confidence, currency: USD, date=2016-09-16 23:00:00+09:00 GMT, importance=HIGH, actual=, previous=89.8, forecast=",,True,USD,HIGH
USD Household Change in Net Worth,09/17/2016,01:00 AM,09/17/2016,01:00 AM,False,"event: USD Household Change in Net Worth, currency: USD, date=2016-09-17 01:00:00+09:00 GMT, importance=LOW, actual=, previous=$837b, forecast=",,True,USD,LOW
USD Baker Hughes U.S. Rig Count,09/17/2016,02:00 AM,09/17/2016,02:00 AM,False,"event: USD Baker Hughes U.S. Rig Count, currency: USD, date=2016-09-17 02:00:00+09:00 GMT, importance=MEDIUM, actual=, previous=, forecast=",,True,USD,MEDIUM
USD Total Net TIC Flows,09/17/2016,05:00 AM,09/17/2016,05:00 AM,False,"event: USD Total Net TIC Flows, currency: USD, date=2016-09-17 05:00:00+09:00 GMT, importance=LOW, actual=, previous=-$202.8b, forecast=",,True,USD,LOW
USD Net Long-term TIC Flows,09/17/2016,05:00 AM,09/17/2016,05:00 AM,False,"event: USD Net Long-term TIC Flows, currency: USD, date=2016-09-17 05:00:00+09:00 GMT, importance=MEDIUM, actual=, previous=-$3.6b, forecast=",,True,USD,MEDIUM
